t,frame,x,y,yaw,gt_x,gt_y,gt_yaw
0.110,odom,2.5000,2.5000,0.0000,2.5000,2.5000,0.0000
0.200,odom,2.5000,2.5000,0.0000,2.5000,2.5000,0.0000
0.300,odom,2.5000,2.5000,0.0000,2.5000,2.5000,0.0000
0.400,odom,2.5000,2.5000,0.0037,2.5000,2.5000,0.0037
0.500,odom,2.5000,2.5000,0.0218,2.5000,2.5000,0.0218
0.600,odom,2.5000,2.5000,0.0545,2.5000,2.5000,0.0550
0.700,odom,2.5000,2.5000,0.1030,2.5000,2.5000,0.1031
0.800,odom,2.5000,2.5000,0.1663,2.5000,2.5000,0.1667
0.900,odom,2.5000,2.5000,0.2441,2.5000,2.5000,0.2452
1.000,odom,2.5000,2.5000,0.3343,2.5000,2.5000,0.3347
1.100,odom,2.5000,2.5000,0.4239,2.5000,2.5000,0.4247
1.200,odom,2.5000,2.5000,0.5136,2.5000,2.5000,0.5147
1.300,odom,2.5000,2.5000,0.6040,2.5000,2.5000,0.6047
1.400,odom,2.5000,2.5000,0.6960,2.5000,2.5000,0.6947
1.500,odom,2.5000,2.5000,0.7874,2.5000,2.5000,0.7847
1.600,odom,2.5000,2.5000,0.8785,2.5000,2.5000,0.8747
1.700,odom,2.5000,2.5000,0.9678,2.5000,2.5000,0.9647
1.800,odom,2.5000,2.5000,1.0586,2.5000,2.5000,1.0547
1.900,odom,2.5000,2.5000,1.1490,2.5000,2.5000,1.1446
2.000,odom,2.5000,2.5000,1.2390,2.5000,2.5000,1.2346
2.110,odom,2.5000,2.5000,1.3396,2.5000,2.5000,1.3336
2.210,odom,2.5000,2.5000,1.4380,2.5000,2.5000,1.4326
2.310,odom,2.5000,2.5000,1.5277,2.5000,2.5000,1.5226
2.410,odom,2.5000,2.5000,1.6079,2.5000,2.5000,1.6036
2.510,odom,2.5000,2.5000,1.6980,2.5000,2.5000,1.6936
2.610,odom,2.5000,2.5000,1.7870,2.5000,2.5000,1.7836
2.710,map,2.5000,2.5000,1.8779,2.5000,2.5000,1.8736
2.810,map,2.4989,2.5030,1.9669,2.4989,2.5030,1.9634
2.910,map,2.4954,2.5104,2.0458,2.4954,2.5104,2.0435
3.010,map,2.4888,2.5221,2.1109,2.4889,2.5221,2.1090
3.110,map,2.4789,2.5376,2.1620,2.4790,2.5377,2.1597
3.210,map,2.4655,2.5567,2.1975,2.4656,2.5570,2.1954
3.310,map,2.4488,2.5793,2.2188,2.4488,2.5796,2.2169
3.410,map,2.4288,2.6055,2.2251,2.4286,2.6062,2.2228
3.510,map,2.4060,2.6353,2.2173,2.4056,2.6364,2.2148
3.610,map,2.3807,2.6696,2.1941,2.3804,2.6708,2.1913
3.710,map,2.3573,2.7034,2.1558,2.3569,2.7050,2.1520
3.810,map,2.3372,2.7355,2.1027,2.3368,2.7374,2.0980
3.910,map,2.3189,2.7691,2.0379,2.3185,2.7713,2.0327
4.010,map,2.3021,2.8054,1.9681,2.3018,2.8079,1.9633
4.110,map,2.2873,2.8441,1.9103,2.2871,2.8469,1.9046
4.210,map,2.2743,2.8841,1.8591,2.2743,2.8872,1.8522
4.310,map,2.2630,2.9256,1.8161,2.2633,2.9289,1.8085
4.410,map,2.2532,2.9682,1.7793,2.2538,2.9716,1.7717
4.510,map,2.2447,3.0119,1.7488,2.2457,3.0149,1.7405
4.610,map,2.2375,3.0555,1.7204,2.2389,3.0585,1.7126
4.710,map,2.2326,3.1045,1.6935,2.2325,3.1071,1.6894
4.810,map,2.2279,3.1447,1.6800,2.2280,3.1472,1.6757
4.910,map,2.2234,3.1889,1.6665,2.2236,3.1918,1.6624
5.010,map,2.2194,3.2334,1.6545,2.2198,3.2365,1.6506
5.110,map,2.2159,3.2777,1.6446,2.2165,3.2813,1.6405
5.210,map,2.2128,3.3225,1.6366,2.2135,3.3261,1.6325
5.310,map,2.2100,3.3674,1.6300,2.2109,3.3710,1.6258
5.410,map,2.2074,3.4126,1.6247,2.2086,3.4159,1.6201
5.510,map,2.2051,3.4579,1.6193,2.2065,3.4608,1.6153
5.610,map,2.2030,3.5028,1.6150,2.2045,3.5058,1.6113
5.710,map,2.2011,3.5477,1.6115,2.2028,3.5507,1.6080
5.810,map,2.1991,3.5975,1.6087,2.2012,3.5957,1.6053
5.910,map,2.1976,3.6379,1.6068,2.1997,3.6406,1.6030
6.010,map,2.1961,3.6934,1.6045,2.1983,3.6856,1.6011
6.110,map,2.1946,3.7384,1.6033,2.1970,3.7306,1.5997
6.210,map,2.1931,3.7836,1.6022,2.1957,3.7756,1.5985
6.310,map,2.1917,3.8288,1.6011,2.1945,3.8206,1.5974
6.410,map,2.1904,3.8737,1.5999,2.1933,3.8655,1.5965
6.510,map,2.1890,3.9234,1.5991,2.1920,3.9150,1.5958
6.610,map,2.1878,3.9640,1.5982,2.1910,3.9555,1.5952
6.710,map,2.1866,4.0093,1.5974,2.1899,4.0005,1.5947
6.810,map,2.1853,4.0586,1.5972,2.1889,4.0455,1.5944
6.910,map,2.1843,4.0991,1.5969,2.1878,4.0905,1.5942
7.010,map,2.1831,4.1439,1.5970,2.1868,4.1355,1.5939
7.110,map,2.1819,4.1893,1.5965,2.1857,4.1805,1.5938
7.210,map,2.1807,4.2342,1.5964,2.1847,4.2254,1.5936
7.310,map,2.1696,4.2793,1.5962,2.1837,4.2704,1.5934
7.410,map,2.1685,4.3242,1.5957,2.1827,4.3154,1.5932
7.510,map,2.1674,4.3688,1.5952,2.1817,4.3604,1.5929
7.610,map,2.1663,4.4138,1.5948,2.1807,4.4054,1.5927
7.710,map,2.1652,4.4587,1.5945,2.1797,4.4504,1.5926
7.810,map,2.1640,4.5084,1.5942,2.1786,4.4999,1.5925
7.910,map,2.1630,4.5534,1.5945,2.1777,4.5404,1.5924
8.010,map,2.1620,4.5933,1.5943,2.1768,4.5854,1.5924
8.110,map,2.1610,4.6381,1.5941,2.1758,4.6303,1.5924
8.210,map,2.1598,4.6873,1.5943,2.1747,4.6798,1.5924
8.310,map,2.1588,4.7318,1.5945,2.1739,4.7203,1.5924
8.410,map,2.1578,4.7724,1.5948,2.1729,4.7653,1.5924
8.510,map,2.1566,4.8220,1.5949,2.1719,4.8103,1.5924
8.610,map,2.1556,4.8620,1.5948,2.1709,4.8553,1.5923
8.710,map,2.1626,4.8968,1.5980,2.1700,4.9003,1.5922
8.810,map,2.1614,4.9412,1.5978,2.1690,4.9453,1.5920
8.910,map,2.1601,4.9909,1.5971,2.1680,4.9948,1.5915
9.010,map,2.1591,5.0313,1.5968,2.1672,5.0353,1.5913
9.110,map,2.1579,5.0763,1.5967,2.1662,5.0802,1.5910
9.210,map,2.1567,5.1212,1.5964,2.1653,5.1252,1.5908
9.310,map,2.1556,5.1661,1.5961,2.1644,5.1702,1.5906
9.410,map,2.1545,5.2102,1.5955,2.1635,5.2152,1.5905
9.510,map,2.1534,5.2555,1.5953,2.1627,5.2602,1.5903
9.610,map,2.1521,5.3005,1.6039,2.1616,5.3051,1.5986
9.710,map,2.1504,5.3456,1.6141,2.1602,5.3499,1.6091
9.810,map,2.1482,5.3906,1.6238,2.1582,5.3948,1.6185
9.910,map,2.1456,5.4361,1.6320,2.1559,5.4397,1.6269
10.010,map,2.1427,5.4808,1.6386,2.1532,5.4846,1.6334
10.110,map,2.1395,5.5257,1.6443,2.1503,5.5294,1.6389
10.210,map,2.1361,5.5708,1.6493,2.1471,5.5743,1.6437
10.310,map,2.1325,5.6156,1.6532,2.1437,5.6192,1.6474
10.410,map,2.1287,5.6603,1.6562,2.1402,5.6640,1.6507
10.510,map,2.1248,5.7052,1.6591,2.1366,5.7089,1.6533
10.610,map,2.1203,5.7547,1.6616,2.1324,5.7582,1.6559
10.710,map,2.1166,5.7952,1.6635,2.1289,5.7985,1.6575
10.810,map,2.1125,5.8392,1.6653,2.1250,5.8433,1.6591
10.910,map,2.1082,5.8836,1.6666,2.1210,5.8882,1.6605
11.010,map,2.1039,5.9282,1.6674,2.1170,5.9330,1.6616
11.110,map,2.0996,5.9731,1.6687,2.1128,5.9778,1.6626
11.210,map,2.0952,6.0178,1.6699,2.1087,6.0226,1.6635
11.310,map,2.0903,6.0721,1.6704,2.1045,6.0674,1.6642
11.410,map,2.0862,6.1171,1.6709,2.1003,6.1122,1.6647
11.510,map,2.0817,6.1619,1.6713,2.0961,6.1570,1.6652
11.610,map,2.0772,6.2072,1.6715,2.0918,6.2018,1.6657
11.710,map,2.0726,6.2520,1.6717,2.0876,6.2466,1.6661
11.810,map,2.0681,6.2966,1.6718,2.0833,6.2914,1.6665
11.910,map,2.0635,6.3414,1.6726,2.0790,6.3362,1.6669
12.010,map,2.0590,6.3860,1.6728,2.0746,6.3810,1.6672
12.110,map,2.0544,6.4307,1.6728,2.0703,6.4258,1.6675
12.210,map,2.0498,6.4754,1.6731,2.0659,6.4706,1.6677
12.310,map,2.0453,6.5199,1.6735,2.0616,6.5154,1.6680
12.410,map,2.0406,6.5647,1.6738,2.0572,6.5601,1.6682
12.510,map,2.0360,6.6098,1.6739,2.0528,6.6049,1.6683
12.610,map,2.0314,6.6444,1.6719,2.0485,6.6497,1.6660
12.710,map,2.0269,6.6897,1.6694,2.0443,6.6945,1.6633
12.810,map,2.0225,6.7347,1.6668,2.0402,6.7393,1.6608
12.910,map,2.0182,6.7793,1.6645,2.0362,6.7841,1.6586
13.010,map,2.0140,6.8246,1.6627,2.0323,6.8290,1.6568
13.110,map,2.0099,6.8692,1.6616,2.0284,6.8738,1.6552
13.210,map,2.0059,6.9136,1.6605,2.0247,6.9186,1.6538
13.310,map,2.0019,6.9584,1.6597,2.0210,6.9635,1.6526
13.410,map,1.9979,7.0034,1.6593,2.0173,7.0083,1.6514
13.510,map,1.9939,7.0484,1.6582,2.0137,7.0532,1.6503
13.610,map,1.9901,7.0928,1.6571,2.0102,7.0980,1.6493
13.710,map,1.9862,7.1376,1.6562,2.0067,7.1429,1.6484
13.810,map,1.9824,7.1824,1.6558,2.0032,7.1878,1.6476
13.910,map,1.9803,7.2379,1.6513,1.9998,7.2326,1.6469
14.010,map,1.9763,7.2879,1.6510,1.9964,7.2775,1.6462
14.110,map,1.9731,7.3283,1.6508,1.9930,7.3224,1.6462
14.210,map,1.9695,7.3724,1.6513,1.9896,7.3672,1.6466
14.310,map,1.9656,7.4217,1.6515,1.9862,7.4121,1.6470
14.410,map,1.9623,7.4623,1.6515,1.9827,7.4570,1.6474
14.510,map,1.9586,7.5071,1.6518,1.9793,7.5019,1.6478
14.610,map,1.9550,7.5524,1.6517,1.9758,7.5467,1.6478
14.710,map,1.9514,7.5971,1.6503,1.9724,7.5916,1.6464
14.810,map,1.9478,7.6420,1.6487,1.9690,7.6365,1.6449
14.910,map,1.9443,7.6874,1.6472,1.9657,7.6813,1.6436
15.010,map,1.9409,7.7322,1.6478,1.9625,7.7262,1.6444
15.110,map,1.9370,7.7808,1.6505,1.9587,7.7749,1.6474
15.210,map,1.9339,7.8203,1.6485,1.9558,7.8137,1.6452
15.310,map,1.9287,7.8636,1.6491,1.9526,7.8570,1.6423
15.410,map,1.9253,7.9080,1.6456,1.9495,7.9016,1.6389
15.510,map,1.9220,7.9519,1.6424,1.9466,7.9459,1.6359
15.610,map,1.9192,7.9938,1.6356,1.9440,7.9879,1.6293
15.710,map,1.9164,8.0387,1.6288,1.9415,8.0328,1.6225
15.810,map,1.9144,8.0754,1.6239,1.9397,8.0694,1.6178
15.910,map,1.9123,8.1171,1.6191,1.9378,8.1108,1.6132
16.010,map,1.9103,8.1594,1.6155,1.9361,8.1529,1.6094
16.110,map,1.9085,8.2013,1.6120,1.9346,8.1949,1.6062
16.210,map,1.9068,8.2430,1.6099,1.9331,8.2367,1.6036
16.310,map,1.9052,8.2854,1.6077,1.9318,8.2791,1.6014
16.410,map,1.9035,8.3322,1.6055,1.9305,8.3218,1.5995
16.510,map,1.9022,8.3710,1.6041,1.9293,8.3647,1.5977
16.610,map,1.9108,8.4144,1.6028,1.9282,8.4079,1.5962
16.720,map,1.9093,8.4628,1.6012,1.9270,8.4555,1.5949
16.810,map,1.9080,8.5056,1.6010,1.9260,8.4988,1.5945
16.910,map,1.9069,8.5440,1.6006,1.9251,8.5375,1.5943
17.010,map,1.9056,8.5870,1.6006,1.9241,8.5810,1.5940
17.110,map,1.9043,8.6304,1.6004,1.9231,8.6243,1.5938
17.210,map,1.9029,8.6774,1.6004,1.9220,8.6716,1.5936
17.310,map,1.9017,8.7165,1.6002,1.9211,8.7107,1.5934
17.410,map,1.9005,8.7591,1.6000,1.9201,8.7532,1.5933
17.510,map,1.8992,8.8014,1.5998,1.9192,8.7955,1.5931
17.620,map,1.8979,8.8483,1.6001,1.9182,8.8419,1.5930
17.710,map,1.8967,8.8902,1.5999,1.9172,8.8841,1.5929
17.810,map,1.8956,8.9281,1.5997,1.9164,8.9220,1.5928
17.900,map,1.8945,8.9660,1.5995,1.9156,8.9600,1.5927
18.000,map,1.8931,9.0126,1.5993,1.9146,9.0023,1.5926
18.100,map,1.8920,9.0509,1.5992,1.9137,9.0446,1.5926
18.200,map,1.8908,9.0942,1.5993,1.9128,9.0881,1.5925
18.300,map,1.8896,9.1371,1.5995,1.9118,9.1306,1.5925
18.400,map,1.8884,9.1795,1.5991,1.9109,9.1728,1.5925
18.500,map,1.8872,9.2213,1.5990,1.9100,9.2147,1.5925
18.600,map,1.8860,9.2680,1.5911,1.9091,9.2614,1.5848
18.700,map,1.8854,9.3078,1.5804,1.9088,9.3011,1.5744
18.800,map,1.8852,9.3553,1.5689,1.9088,9.3442,1.5641
18.900,map,1.8855,9.3940,1.5609,1.9093,9.3874,1.5549
19.000,map,1.8861,9.4378,1.5525,1.9102,9.4309,1.5468
19.100,map,1.8870,9.4817,1.5459,1.9114,9.4746,1.5401
19.200,map,1.8883,9.5257,1.5398,1.9129,9.5183,1.5339
19.300,map,1.8896,9.5655,1.5349,1.9147,9.5628,1.5282
19.400,map,1.8915,9.6148,1.5292,1.9167,9.6077,1.5229
19.500,map,1.8934,9.6594,1.5254,1.9190,9.6526,1.5189
19.600,map,1.8958,9.7083,1.5220,1.9214,9.6976,1.5159
19.700,map,1.8978,9.7487,1.5202,1.9239,9.7425,1.5141
19.800,map,1.9001,9.7938,1.5187,1.9264,9.7874,1.5128
19.900,map,1.9025,9.8394,1.5177,1.9291,9.8323,1.5117
20.000,map,1.9049,9.8844,1.5169,1.9318,9.8772,1.5108
20.100,map,1.9073,9.9288,1.5163,1.9345,9.9222,1.5100
20.200,map,1.9098,9.9743,1.5155,1.9372,9.9671,1.5093
20.300,map,1.9123,10.0196,1.5145,1.9400,10.0120,1.5087
20.400,map,1.9149,10.0645,1.5141,1.9428,10.0569,1.5081
20.500,map,1.9174,10.1092,1.5136,1.9456,10.1018,1.5077
20.600,map,1.9200,10.1539,1.5130,1.9485,10.1467,1.5073
20.700,map,1.9126,10.1989,1.5129,1.9514,10.1916,1.5070
20.800,map,1.9155,10.2484,1.5114,1.9542,10.2365,1.5060
20.900,map,1.9179,10.2891,1.5101,1.9572,10.2814,1.5047
21.000,map,1.9207,10.3341,1.5091,1.9602,10.3263,1.5035
21.100,map,1.9235,10.3791,1.5080,1.9632,10.3711,1.5025
21.200,map,1.9263,10.4225,1.5073,1.9662,10.4148,1.5016
21.300,map,1.9290,10.4653,1.5064,1.9692,10.4574,1.5009
21.400,map,1.9319,10.5109,1.5057,1.9721,10.4989,1.5002
21.500,map,1.9343,10.5471,1.5051,1.9750,10.5395,1.4996
21.600,map,1.9369,10.5869,1.5045,1.9778,10.5789,1.4990
21.700,map,1.9395,10.6253,1.5039,1.9806,10.6174,1.4986
21.800,map,1.9420,10.6627,1.5036,1.9833,10.6549,1.4982
21.900,map,1.9445,10.6998,1.5033,1.9860,10.6917,1.4979
22.000,map,1.9559,10.7438,1.5031,1.9886,10.7270,1.4976
22.100,map,1.9592,10.7795,1.5033,1.9911,10.7616,1.4978
22.200,map,1.9615,10.8129,1.5048,1.9935,10.7951,1.4994
22.300,map,1.9636,10.8456,1.5064,1.9959,10.8278,1.5010
22.400,map,1.9656,10.8772,1.5079,1.9981,10.8596,1.5024
22.500,map,1.9676,10.9085,1.5090,2.0002,10.8907,1.5037
22.600,map,1.9694,10.9387,1.5100,2.0022,10.9209,1.5048
22.700,map,1.9712,10.9683,1.5111,2.0041,10.9504,1.5058
22.800,map,1.9729,10.9971,1.5119,2.0060,10.9791,1.5067
22.900,map,1.9746,11.0250,1.5128,2.0078,11.0071,1.5076
23.000,map,1.9761,11.0522,1.5135,2.0095,11.0343,1.5083
23.100,map,1.9776,11.0787,1.5141,2.0111,11.0610,1.5090
23.200,map,1.9791,11.1049,1.5145,2.0127,11.0869,1.5096
23.300,map,1.9805,11.1301,1.5150,2.0143,11.1122,1.5101
23.400,map,1.9819,11.1547,1.5155,2.0158,11.1368,1.5106
23.500,map,1.9832,11.1786,1.5160,2.0172,11.1609,1.5111
23.600,map,1.9846,11.2044,1.5166,2.0187,11.1866,1.5116
23.700,map,1.9857,11.2249,1.5170,2.0200,11.2074,1.5119
23.800,map,1.9868,11.2350,1.5168,2.0211,11.2265,1.5119
23.900,map,1.9875,11.2471,1.5168,2.0219,11.2396,1.5119
24.000,map,1.9879,11.2551,1.5169,2.0223,11.2476,1.5119
24.100,map,1.9881,11.2582,1.5169,2.0225,11.2507,1.5119
24.200,map,1.9881,11.2582,1.5169,2.0225,11.2507,1.5119
24.300,map,1.9881,11.2582,1.5169,2.0225,11.2507,1.5119
24.400,map,1.9881,11.2582,1.5169,2.0225,11.2507,1.5119
24.500,map,1.9881,11.2582,1.5169,2.0225,11.2507,1.5119
24.600,map,1.9881,11.2582,1.5169,2.0225,11.2507,1.5119
24.700,map,1.9881,11.2582,1.5169,2.0225,11.2507,1.5119
24.800,map,1.9881,11.2582,1.5169,2.0225,11.2507,1.5119
24.900,map,1.9881,11.2582,1.5066,2.0225,11.2507,1.5016
25.000,map,1.9881,11.2582,1.4805,2.0225,11.2507,1.4752
25.100,map,1.9881,11.2582,1.4395,2.0225,11.2507,1.4338
25.200,map,1.9881,11.2582,1.3841,2.0225,11.2507,1.3774
25.300,map,1.9881,11.2582,1.3115,2.0225,11.2507,1.3060
25.400,map,1.9881,11.2582,1.2173,2.0225,11.2507,1.2209
25.500,map,1.9881,11.2582,1.1363,2.0225,11.2507,1.1309
25.600,map,1.9881,11.2582,1.0471,2.0225,11.2507,1.0409
25.700,map,1.9881,11.2582,0.9567,2.0225,11.2507,0.9509
25.800,map,1.9881,11.2582,0.8676,2.0225,11.2507,0.8609
25.900,map,1.9881,11.2582,0.7781,2.0225,11.2507,0.7709
26.000,map,1.9881,11.2582,0.6804,2.0225,11.2507,0.6719
26.100,map,1.9881,11.2582,0.5980,2.0225,11.2507,0.5909
26.200,map,1.9881,11.2582,0.5078,2.0225,11.2507,0.5009
26.300,map,1.9881,11.2582,0.4172,2.0225,11.2507,0.4109
26.400,map,1.9881,11.2582,0.3272,2.0225,11.2507,0.3209
26.500,map,1.9881,11.2582,0.2373,2.0225,11.2507,0.2309
26.600,map,1.9881,11.2582,0.1487,2.0226,11.2507,0.1409
26.700,map,1.9917,11.2585,0.0595,2.0262,11.2510,0.0510
26.800,map,2.0003,11.2587,-0.0240,2.0349,11.2510,-0.0334
26.900,map,2.0139,11.2578,-0.0957,2.0485,11.2501,-0.1059
27.000,map,2.0321,11.2555,-0.1561,2.0669,11.2475,-0.1666
27.100,map,2.0548,11.2512,-0.2074,2.0897,11.2430,-0.2177
27.200,map,2.0824,11.2448,-0.2501,2.1175,11.2362,-0.2604
27.300,map,2.1141,11.2361,-0.2862,2.1493,11.2271,-0.2965
27.400,map,2.1495,11.2250,-0.3217,2.1847,11.2156,-0.3318
27.500,map,2.1899,11.2107,-0.3572,2.2247,11.2010,-0.3671
27.600,map,2.2313,11.1946,-0.3824,2.2658,11.1845,-0.3923
27.700,map,2.2760,11.1763,-0.3929,2.3100,11.1659,-0.4028
27.800,map,2.3160,11.1598,-0.3871,2.3461,11.1506,-0.3978
27.900,map,2.3526,11.1451,-0.3734,2.3862,11.1340,-0.3833
28.000,map,2.3967,11.1265,-0.3422,2.4309,11.1168,-0.3485
28.100,map,2.4342,11.1139,-0.3098,2.4681,11.1040,-0.3161
28.200,map,2.4766,11.1011,-0.2777,2.5101,11.0910,-0.2845
28.300,map,2.5190,11.0896,-0.2504,2.5528,11.0791,-0.2574
28.400,map,2.5625,11.0790,-0.2279,2.5960,11.0683,-0.2351
28.500,map,2.6060,11.0693,-0.2098,2.6395,11.0583,-0.2163
28.600,map,2.6496,11.0604,-0.1942,2.6833,11.0491,-0.2005
28.700,map,2.6932,11.0522,-0.1807,2.7273,11.0404,-0.1873
28.800,map,2.7371,11.0444,-0.1695,2.7714,11.0323,-0.1763
28.900,map,2.7820,11.0369,-0.1606,2.8157,11.0246,-0.1673
29.000,map,2.8309,11.0292,-0.1520,2.8644,11.0166,-0.1590
29.100,map,2.8711,11.0232,-0.1462,2.9044,11.0103,-0.1534
29.200,map,2.9155,11.0168,-0.1412,2.9489,11.0036,-0.1481
29.300,map,2.9604,11.0105,-0.1367,2.9934,10.9970,-0.1437
29.400,map,3.0047,11.0045,-0.1328,3.0379,10.9907,-0.1400
29.500,map,3.0494,10.9986,-0.1294,3.0825,10.9845,-0.1368
29.600,map,3.0944,10.9928,-0.1268,3.1271,10.9784,-0.1342
29.700,map,3.1387,10.9872,-0.1249,3.1716,10.9724,-0.1321
29.800,map,3.1835,10.9816,-0.1231,3.2163,10.9665,-0.1304
29.900,map,3.2284,10.9761,-0.1213,3.2609,10.9607,-0.1289
30.000,map,3.2728,10.9707,-0.1196,3.3055,10.9550,-0.1277
30.100,map,3.3172,10.9654,-0.1188,3.3501,10.9493,-0.1267
30.200,map,3.3620,10.9601,-0.1179,3.3948,10.9436,-0.1259
30.300,map,3.4069,10.9548,-0.1170,3.4394,10.9380,-0.1253
30.400,map,3.4561,10.9490,-0.1164,3.4885,10.9318,-0.1247
30.500,map,3.5004,10.9438,-0.1162,3.5332,10.9262,-0.1242
30.600,map,3.5407,10.9391,-0.1159,3.5734,10.9212,-0.1239
30.700,map,3.5857,10.9339,-0.1156,3.6180,10.9156,-0.1238
30.800,map,3.6303,10.9287,-0.1157,3.6627,10.9101,-0.1237
30.900,map,3.6792,10.9231,-0.1156,3.7118,10.9040,-0.1236
31.000,map,3.7194,10.9184,-0.1153,3.7520,10.8990,-0.1235
31.100,map,3.7640,10.9132,-0.1151,3.7967,10.8934,-0.1234
31.200,map,3.8134,10.9075,-0.1153,3.8413,10.8879,-0.1234
31.300,map,3.8533,10.9029,-0.1158,3.8860,10.8824,-0.1233
31.400,map,3.8977,10.8977,-0.1153,3.9306,10.8768,-0.1233
31.500,map,3.9422,10.8926,-0.1152,3.9753,10.8713,-0.1232
31.600,map,3.9919,10.8868,-0.1154,4.0200,10.8658,-0.1232
31.700,map,4.0321,10.8822,-0.1152,4.0646,10.8602,-0.1232
31.800,map,4.0769,10.8770,-0.1151,4.1093,10.8547,-0.1231
31.900,map,4.1214,10.8719,-0.1151,4.1539,10.8492,-0.1231
32.000,map,4.1662,10.8667,-0.1148,4.1986,10.8437,-0.1231
32.100,map,4.2152,10.8610,-0.1148,4.2477,10.8376,-0.1231
32.200,map,4.2550,10.8564,-0.1145,4.2879,10.8326,-0.1231
32.300,map,4.2998,10.8513,-0.1145,4.3326,10.8271,-0.1232
32.400,map,4.3446,10.8461,-0.1146,4.3772,10.8216,-0.1233
32.500,map,4.3891,10.8410,-0.1147,4.4219,10.8160,-0.1233
32.600,map,4.4334,10.8359,-0.1150,4.4665,10.8105,-0.1234
32.700,map,4.4783,10.8307,-0.1152,4.5112,10.8049,-0.1234
32.800,map,4.5234,10.8255,-0.1153,4.5559,10.7994,-0.1234
32.900,map,4.5681,10.8203,-0.1151,4.6005,10.7939,-0.1234
33.000,map,4.6130,10.8151,-0.1151,4.6452,10.7883,-0.1234
33.100,map,4.6580,10.8099,-0.1151,4.6898,10.7828,-0.1234
33.200,map,4.7028,10.8048,-0.1150,4.7345,10.7772,-0.1234
33.300,map,4.7477,10.7996,-0.1150,4.7792,10.7717,-0.1234
33.400,map,4.7972,10.7939,-0.1146,4.8283,10.7656,-0.1234
33.500,map,4.8369,10.7893,-0.1145,4.8685,10.7606,-0.1234
33.600,map,4.8820,10.7841,-0.1148,4.9131,10.7551,-0.1236
33.700,map,4.9271,10.7789,-0.1151,4.9578,10.7495,-0.1239
33.800,map,4.9721,10.7737,-0.1153,5.0024,10.7440,-0.1241
33.900,map,5.0167,10.7685,-0.1158,5.0471,10.7384,-0.1243
34.000,map,5.0614,10.7633,-0.1162,5.0917,10.7328,-0.1244
34.100,map,5.1059,10.7581,-0.1164,5.1364,10.7272,-0.1245
34.200,map,5.1506,10.7529,-0.1168,5.1810,10.7216,-0.1245
34.300,map,5.1955,10.7476,-0.1169,5.2257,10.7161,-0.1245
34.400,map,5.2399,10.7424,-0.1168,5.2704,10.7105,-0.1244
34.500,map,5.2841,10.7372,-0.1165,5.3150,10.7049,-0.1243
34.600,map,5.3292,10.7319,-0.1166,5.3597,10.6993,-0.1243
34.700,map,5.3787,10.7261,-0.1166,5.4088,10.6932,-0.1243
34.800,map,5.4195,10.7213,-0.1163,5.4490,10.6882,-0.1242
34.900,map,5.4641,10.7161,-0.1164,5.4936,10.6826,-0.1242
35.000,map,5.5090,10.7109,-0.1163,5.5383,10.6770,-0.1242
35.100,map,5.5585,10.7051,-0.1162,5.5874,10.6709,-0.1242
35.200,map,5.5983,10.7005,-0.1161,5.6276,10.6659,-0.1242
35.300,map,5.6431,10.6952,-0.1160,5.6722,10.6603,-0.1243
35.400,map,5.6924,10.6895,-0.1162,5.7213,10.6541,-0.1243
35.500,map,5.7330,10.6847,-0.1163,5.7615,10.6491,-0.1244
35.600,map,5.7776,10.6795,-0.1163,5.8062,10.6435,-0.1244
35.700,map,5.8224,10.6743,-0.1164,5.8508,10.6380,-0.1244
35.800,map,5.8671,10.6691,-0.1163,5.8955,10.6324,-0.1244
35.900,map,5.9120,10.6638,-0.1160,5.9401,10.6268,-0.1244
36.000,map,5.9566,10.6586,-0.1159,5.9848,10.6212,-0.1245
36.100,map,6.0013,10.6534,-0.1157,6.0294,10.6156,-0.1245
36.200,map,6.0459,10.6455,-0.1156,6.0741,10.6100,-0.1246
36.300,map,6.0907,10.6331,-0.1157,6.1187,10.6044,-0.1248
36.400,map,6.1352,10.6279,-0.1157,6.1634,10.5988,-0.1247
36.500,map,6.1798,10.6227,-0.1156,6.2080,10.5932,-0.1244
36.600,map,6.2244,10.6175,-0.1157,6.2527,10.5876,-0.1246
36.700,map,6.2688,10.6124,-0.1156,6.2974,10.5820,-0.1248
36.800,map,6.3134,10.6072,-0.1160,6.3420,10.5764,-0.1250
36.900,map,6.3581,10.6020,-0.1165,6.3866,10.5708,-0.1252
37.000,map,6.4029,10.5967,-0.1169,6.4313,10.5652,-0.1254
37.100,map,6.4481,10.5914,-0.1165,6.4759,10.5596,-0.1254
37.200,map,6.4928,10.5862,-0.1166,6.5206,10.5539,-0.1255
37.300,map,6.5374,10.5809,-0.1165,6.5652,10.5483,-0.1256
37.400,map,6.5820,10.5757,-0.1168,6.6099,10.5427,-0.1256
37.500,map,6.6268,10.5705,-0.1167,6.6545,10.5370,-0.1257
37.600,map,6.6716,10.5652,-0.1165,6.6992,10.5314,-0.1258
37.700,map,6.7163,10.5600,-0.1163,6.7438,10.5257,-0.1258
37.800,map,6.7610,10.5548,-0.1167,6.7885,10.5201,-0.1260
37.900,map,6.8054,10.5496,-0.1168,6.8331,10.5144,-0.1261
38.000,map,6.8498,10.5444,-0.1168,6.8777,10.5088,-0.1261
38.100,map,6.8950,10.5391,-0.1169,6.9224,10.5031,-0.1262
38.200,map,6.9398,10.5338,-0.1168,6.9670,10.4975,-0.1262
38.300,map,6.9842,10.5286,-0.1169,7.0117,10.4918,-0.1263
38.400,map,7.0286,10.5234,-0.1170,7.0563,10.4861,-0.1263
38.500,map,7.0728,10.5182,-0.1170,7.1010,10.4805,-0.1263
38.600,map,7.1173,10.5129,-0.1171,7.1456,10.4748,-0.1264
38.700,map,7.1667,10.5071,-0.1171,7.1902,10.4691,-0.1264
38.800,map,7.2068,10.5024,-0.1166,7.2349,10.4634,-0.1264
38.900,map,7.2514,10.4972,-0.1161,7.2795,10.4578,-0.1264
39.000,map,7.2963,10.4920,-0.1161,7.3242,10.4521,-0.1266
39.100,map,7.3405,10.4868,-0.1162,7.3688,10.4464,-0.1267
39.200,map,7.3855,10.4815,-0.1164,7.4134,10.4407,-0.1269
39.300,map,7.4305,10.4763,-0.1163,7.4581,10.4350,-0.1270
39.400,map,7.4791,10.4706,-0.1166,7.5027,10.4293,-0.1272
39.500,map,7.5192,10.4659,-0.1168,7.5473,10.4236,-0.1273
39.600,map,7.5638,10.4607,-0.1155,7.5920,10.4179,-0.1265
39.700,map,7.6085,10.4555,-0.1146,7.6366,10.4122,-0.1258
39.800,map,7.6532,10.4504,-0.1142,7.6813,10.4066,-0.1252
39.900,map,7.6980,10.4453,-0.1134,7.7259,10.4010,-0.1247
40.000,map,7.7425,10.4402,-0.1131,7.7706,10.3954,-0.1243
40.100,map,7.7871,10.4352,-0.1129,7.8152,10.3898,-0.1240
40.200,map,7.8313,10.4289,-0.1148,7.8599,10.3843,-0.1237
40.300,map,7.8754,10.4231,-0.1157,7.9045,10.3787,-0.1233
40.400,map,7.9246,10.4174,-0.1147,7.9537,10.3727,-0.1222
40.500,map,7.9647,10.4128,-0.1140,7.9939,10.3678,-0.1215
40.600,map,8.0092,10.4077,-0.1136,8.0385,10.3623,-0.1207
40.700,map,8.0540,10.4026,-0.1127,8.0832,10.3569,-0.1200
40.800,map,8.0981,10.3976,-0.1120,8.1279,10.3515,-0.1194
40.900,map,8.1432,10.3926,-0.1113,8.1726,10.3462,-0.1189
41.000,map,8.1879,10.3876,-0.1106,8.2173,10.3409,-0.1184
41.100,map,8.2328,10.3826,-0.1104,8.2619,10.3356,-0.1181
41.200,map,8.2776,10.3777,-0.1104,8.3066,10.3303,-0.1179
41.300,map,8.3216,10.3728,-0.1105,8.3513,10.3250,-0.1176
41.400,map,8.3708,10.3673,-0.1101,8.4005,10.3192,-0.1174
41.500,map,8.4156,10.3629,-0.1101,8.4407,10.3144,-0.1172
41.600,map,8.4658,10.3580,-0.1096,8.4899,10.3086,-0.1170
41.700,map,8.5101,10.3531,-0.1091,8.5301,10.3039,-0.1168
41.800,map,8.5597,10.3477,-0.1090,8.5792,10.2982,-0.1168
41.900,map,8.5996,10.3433,-0.1092,8.6195,10.2934,-0.1169
42.000,map,8.6442,10.3384,-0.1092,8.6642,10.2882,-0.1170
42.100,map,8.6886,10.3335,-0.1135,8.7087,10.2829,-0.1212
42.200,map,8.7335,10.3281,-0.1258,8.7532,10.2772,-0.1332
42.300,map,8.7779,10.3222,-0.1378,8.7977,10.2710,-0.1449
42.400,map,8.8219,10.3159,-0.1484,8.8421,10.2643,-0.1550
42.500,map,8.8654,10.3090,-0.1627,8.8862,10.2570,-0.1697
42.600,map,8.9093,10.3015,-0.1761,8.9304,10.2492,-0.1830
42.700,map,8.9582,10.2925,-0.1896,8.9744,10.2407,-0.1951
42.800,map,8.9978,10.2846,-0.2048,9.0182,10.2317,-0.2122
42.900,map,9.0461,10.2740,-0.2282,9.0616,10.2219,-0.2337
43.000,map,9.0850,10.2645,-0.2490,9.1047,10.2111,-0.2574
43.110,map,9.1367,10.2506,-0.2776,9.1561,10.1968,-0.2860
43.210,map,9.1753,10.2392,-0.2984,9.1943,10.1851,-0.3071
43.310,map,9.2223,10.2240,-0.3259,9.2365,10.1712,-0.3318
43.410,map,9.2640,10.2094,-0.3497,9.2825,10.1546,-0.3582
43.510,map,9.3005,10.1956,-0.3735,9.3190,10.1405,-0.3820
43.610,map,9.3362,10.1809,-0.4114,9.3551,10.1252,-0.4208
43.710,map,9.3669,10.1665,-0.4618,9.3859,10.1105,-0.4707
43.810,map,9.3955,10.1514,-0.5084,9.4144,10.0951,-0.5165
43.910,map,9.4265,10.1333,-0.5475,9.4449,10.0770,-0.5557
44.010,map,9.4622,10.1106,-0.5833,9.4803,10.0541,-0.5921
44.110,map,9.4928,10.0899,-0.6085,9.5109,10.0329,-0.6172
44.210,map,9.5252,10.0667,-0.6341,9.5433,10.0093,-0.6424
44.310,map,9.5578,10.0422,-0.6546,9.5756,9.9846,-0.6631
44.410,map,9.5908,10.0164,-0.6724,9.6084,9.9585,-0.6809
44.510,map,9.6224,9.9908,-0.6885,9.6396,9.9328,-0.6969
44.610,map,9.6546,9.9639,-0.7025,9.6715,9.9057,-0.7110
44.710,map,9.6867,9.9363,-0.7145,9.7032,9.8780,-0.7233
44.810,map,9.7178,9.9092,-0.7255,9.7341,9.8505,-0.7340
44.910,map,9.7485,9.8817,-0.7343,9.7648,9.8225,-0.7433
45.010,map,9.7798,9.8532,-0.7419,9.7957,9.7939,-0.7511
45.110,map,9.8103,9.8250,-0.7491,9.8260,9.7654,-0.7582
45.210,map,9.8382,9.7988,-0.7555,9.8540,9.7387,-0.7645
45.310,map,9.8663,9.7721,-0.7695,9.8817,9.7118,-0.7784
45.410,map,9.8942,9.7446,-0.7872,9.9092,9.6842,-0.7961
45.510,map,9.9205,9.7177,-0.8042,9.9351,9.6573,-0.8130
45.610,map,9.9477,9.6891,-0.8201,9.9619,9.6285,-0.8290
45.710,map,9.9674,9.6677,-0.8305,9.9817,9.6067,-0.8395
45.810,map,9.9902,9.6425,-0.8411,10.0041,9.5814,-0.8506
45.910,map,10.0125,9.6173,-0.8509,10.0265,9.5556,-0.8604
46.010,map,10.0342,9.5923,-0.8592,10.0480,9.5304,-0.8687
46.110,map,10.0552,9.5677,-0.8668,10.0689,9.5056,-0.8762
46.210,map,10.0782,9.5405,-0.8737,10.0915,9.4782,-0.8833
46.310,map,10.0967,9.5183,-0.8791,10.1097,9.4559,-0.8885
46.410,map,10.1166,9.4941,-0.8841,10.1293,9.4317,-0.8934
46.510,map,10.1358,9.4706,-0.8883,10.1482,9.4081,-0.8977
46.610,map,10.1549,9.4470,-0.8919,10.1671,9.3843,-0.9015
46.710,map,10.1733,9.4241,-0.8951,10.1852,9.3613,-0.9050
46.810,map,10.1930,9.3994,-0.8986,10.2027,9.3390,-0.9081
46.910,map,10.2087,9.3797,-0.9011,10.2197,9.3171,-0.9109
47.010,map,10.2255,9.3584,-0.9032,10.2363,9.2957,-0.9135
47.110,map,10.2432,9.3359,-0.9055,10.2522,9.2749,-0.9157
47.210,map,10.2576,9.3175,-0.9074,10.2680,9.2545,-0.9177
47.310,map,10.2730,9.2978,-0.9093,10.2832,9.2344,-0.9196
47.410,map,10.2882,9.2783,-0.9109,10.2982,9.2148,-0.9212
47.510,map,10.3028,9.2594,-0.9122,10.3127,9.1957,-0.9226
47.610,map,10.3171,9.2409,-0.9134,10.3267,9.1771,-0.9239
47.710,map,10.3306,9.2233,-0.9143,10.3402,9.1593,-0.9247
47.810,map,10.3416,9.2091,-0.9143,10.3509,9.1450,-0.9247
47.910,map,10.3494,9.1989,-0.9145,10.3587,9.1347,-0.9247
48.010,map,10.3542,9.1927,-0.9145,10.3635,9.1284,-0.9247
48.110,map,10.3562,9.1902,-0.9145,10.3654,9.1259,-0.9247
48.210,map,10.3562,9.1901,-0.9145,10.3654,9.1259,-0.9247
48.310,map,10.3562,9.1901,-0.9143,10.3654,9.1258,-0.9245
48.410,map,10.3583,9.1874,-0.9038,10.3675,9.1231,-0.9140
48.510,map,10.3634,9.1811,-0.8786,10.3726,9.1167,-0.8889
48.610,map,10.3719,9.1712,-0.8450,10.3811,9.1066,-0.8551
48.710,map,10.3846,9.1573,-0.8158,10.3935,9.0927,-0.8259
48.810,map,10.4011,9.1402,-0.7915,10.4097,9.0756,-0.8015
48.910,map,10.4214,9.1201,-0.7711,10.4298,9.0553,-0.7809
49.010,map,10.4453,9.0974,-0.7533,10.4535,9.0322,-0.7634
49.110,map,10.4728,9.0720,-0.7384,10.4808,9.0066,-0.7485
49.210,map,10.5044,9.0436,-0.7265,10.5122,8.9777,-0.7368
49.310,map,10.5379,9.0141,-0.7162,10.5456,8.9477,-0.7268
49.410,map,10.5720,8.9847,-0.7081,10.5793,8.9180,-0.7186
49.510,map,10.6097,8.9526,-0.7014,10.6167,8.8856,-0.7115
49.610,map,10.6408,8.9265,-0.6959,10.6474,8.8592,-0.7061
49.710,map,10.6750,8.8981,-0.6909,10.6817,8.8302,-0.7010
49.810,map,10.7134,8.8665,-0.6864,10.7161,8.8012,-0.6967
49.910,map,10.7448,8.8409,-0.6832,10.7507,8.7724,-0.6932
50.010,map,10.7798,8.8125,-0.6800,10.7853,8.7437,-0.6902
50.110,map,10.8150,8.7841,-0.6775,10.8200,8.7151,-0.6877
50.210,map,10.8503,8.7557,-0.6753,10.8548,8.6866,-0.6856
50.310,map,10.8852,8.7279,-0.6733,10.8897,8.6581,-0.6838
50.410,map,10.9204,8.6998,-0.6721,10.9246,8.6297,-0.6824
50.510,map,10.9556,8.6682,-0.6711,10.9595,8.6014,-0.6812
50.610,map,10.9911,8.6336,-0.6705,10.9980,8.5702,-0.6801
50.710,map,11.0265,8.6056,-0.6695,11.0295,8.5448,-0.6792
50.810,map,11.0658,8.5745,-0.6686,11.0645,8.5165,-0.6782
50.910,map,11.0977,8.5493,-0.6677,11.0996,8.4883,-0.6773
51.010,map,11.1333,8.5214,-0.6668,11.1347,8.4601,-0.6765
51.110,map,11.1687,8.4935,-0.6661,11.1698,8.4320,-0.6759
51.210,map,11.2040,8.4658,-0.6654,11.2049,8.4038,-0.6754
51.310,map,11.2395,8.4379,-0.6647,11.2400,8.3757,-0.6750
51.410,map,11.2750,8.4101,-0.6645,11.2751,8.3476,-0.6747
51.510,map,11.3104,8.3824,-0.6643,11.3103,8.3195,-0.6745
51.610,map,11.3458,8.3547,-0.6640,11.3454,8.2914,-0.6743
51.710,map,11.3814,8.3268,-0.6638,11.3841,8.2605,-0.6742
51.810,map,11.4170,8.3008,-0.6640,11.4157,8.2352,-0.6741
51.910,map,11.4523,8.2814,-0.6636,11.4509,8.2071,-0.6740
52.010,map,11.4878,8.2536,-0.6634,11.4861,8.1790,-0.6741
52.110,map,11.5230,8.2261,-0.6637,11.5212,8.1509,-0.6743
52.210,map,11.5617,8.1958,-0.6638,11.5564,8.1228,-0.6745
52.310,map,11.5936,8.1709,-0.6639,11.5915,8.0947,-0.6747
52.410,map,11.6329,8.1401,-0.6638,11.6266,8.0666,-0.6748
52.510,map,11.6645,8.1154,-0.6640,11.6618,8.0385,-0.6750
52.610,map,11.6999,8.0877,-0.6641,11.6969,8.0104,-0.6752
52.710,map,11.7351,8.0601,-0.6642,11.7320,7.9822,-0.6753
52.810,map,11.7710,8.0320,-0.6646,11.7672,7.9541,-0.6754
52.910,map,11.8067,8.0041,-0.6649,11.8023,7.9260,-0.6755
53.010,map,11.8452,7.9738,-0.6651,11.8409,7.8950,-0.6756
53.110,map,11.8768,7.9491,-0.6650,11.8725,7.8697,-0.6756
53.210,map,11.9126,7.9119,-0.6654,11.9076,7.8415,-0.6756
53.310,map,11.9481,7.8831,-0.6653,11.9427,7.8134,-0.6755
53.410,map,11.9833,7.8555,-0.6650,11.9779,7.7853,-0.6751
53.510,map,12.0186,7.8278,-0.6650,12.0130,7.7571,-0.6748
53.610,map,12.0543,7.7999,-0.6646,12.0481,7.7290,-0.6745
53.710,map,12.0900,7.7719,-0.6641,12.0833,7.7009,-0.6742
53.810,map,12.1255,7.7442,-0.6637,12.1184,7.6728,-0.6740
53.910,map,12.1612,7.7162,-0.6636,12.1536,7.6448,-0.6738
54.010,map,12.1968,7.6884,-0.6634,12.1888,7.6167,-0.6737
54.110,map,12.2321,7.6608,-0.6636,12.2239,7.5886,-0.6736
54.210,map,12.2673,7.6333,-0.6637,12.2591,7.5605,-0.6735
54.310,map,12.3027,7.6056,-0.6638,12.2943,7.5325,-0.6733
54.410,map,12.3384,7.5777,-0.6636,12.3295,7.5044,-0.6732
54.510,map,12.3741,7.5498,-0.6634,12.3647,7.4764,-0.6731
54.610,map,12.4093,7.5222,-0.6637,12.3998,7.4483,-0.6729
54.710,map,12.4484,7.4917,-0.6638,12.4350,7.4203,-0.6728
54.810,map,12.4805,7.4666,-0.6635,12.4702,7.3922,-0.6727
54.910,map,12.5162,7.4386,-0.6631,12.5054,7.3642,-0.6726
55.010,map,12.5518,7.4108,-0.6632,12.5406,7.3362,-0.6725
55.110,map,12.5876,7.3829,-0.6631,12.5758,7.3081,-0.6724
55.210,map,12.6233,7.3550,-0.6633,12.6110,7.2801,-0.6724
55.310,map,12.6584,7.3276,-0.6634,12.6462,7.2521,-0.6723
55.410,map,12.6940,7.2997,-0.6633,12.6815,7.2241,-0.6722
55.510,map,12.7329,7.2693,-0.6632,12.7167,7.1960,-0.6721
55.610,map,12.7650,7.2442,-0.6632,12.7519,7.1680,-0.6720
55.710,map,12.8006,7.2164,-0.6629,12.7871,7.1400,-0.6719
55.810,map,12.8364,7.1885,-0.6629,12.8223,7.1120,-0.6719
55.910,map,12.8721,7.1606,-0.6631,12.8575,7.0840,-0.6718
56.010,map,12.9076,7.1329,-0.6628,12.8928,7.0560,-0.6718
56.110,map,12.9430,7.1053,-0.6630,12.9280,7.0280,-0.6717
56.210,map,12.9781,7.0778,-0.6630,12.9632,7.0000,-0.6717
56.310,map,13.0136,7.0501,-0.6629,12.9984,6.9720,-0.6716
56.410,map,13.0492,7.0223,-0.6631,13.0337,6.9440,-0.6716
56.510,map,13.0852,6.9942,-0.6632,13.0689,6.9160,-0.6716
56.610,map,13.1202,6.9669,-0.6630,13.1041,6.8880,-0.6715
56.710,map,13.1555,6.9393,-0.6631,13.1393,6.8600,-0.6714
56.810,map,13.1911,6.9115,-0.6633,13.1746,6.8320,-0.6713
56.910,map,13.2264,6.8839,-0.6629,13.2098,6.8040,-0.6712
57.010,map,13.2620,6.8561,-0.6632,13.2451,6.7760,-0.6711
57.110,map,13.2973,6.8285,-0.6628,13.2803,6.7480,-0.6711
57.210,map,13.3326,6.8010,-0.6627,13.3155,6.7200,-0.6710
57.310,map,13.3678,6.7735,-0.6628,13.3508,6.6921,-0.6710
57.410,map,13.4033,6.7458,-0.6627,13.3860,6.6641,-0.6710
57.510,map,13.4387,6.7181,-0.6627,13.4213,6.6361,-0.6709
57.610,map,13.4742,6.6904,-0.6626,13.4565,6.6081,-0.6709
57.710,map,13.5099,6.6626,-0.6624,13.4918,6.5801,-0.6709
57.810,map,13.5490,6.6321,-0.6625,13.5305,6.5494,-0.6709
57.910,map,13.5814,6.6068,-0.6627,13.5623,6.5242,-0.6709
58.010,map,13.6170,6.5790,-0.6627,13.5975,6.4962,-0.6709
58.110,map,13.6522,6.5515,-0.6629,13.6328,6.4682,-0.6709
58.210,map,13.6875,6.5240,-0.6631,13.6680,6.4403,-0.6709
58.310,map,13.7231,6.4962,-0.6629,13.7032,6.4123,-0.6709
58.410,map,13.7583,6.4687,-0.6628,13.7385,6.3843,-0.6708
58.510,map,13.7939,6.4409,-0.6628,13.7737,6.3563,-0.6707
58.610,map,13.8292,6.4134,-0.6634,13.8090,6.3284,-0.6707
58.710,map,13.8648,6.3855,-0.6628,13.8442,6.3004,-0.6707
58.810,map,13.9005,6.3577,-0.6625,13.8795,6.2724,-0.6705
58.910,map,13.9357,6.3302,-0.6624,13.9148,6.2445,-0.6705
59.010,map,13.9713,6.3024,-0.6628,13.9500,6.2165,-0.6705
59.110,map,14.0068,6.2748,-0.6626,13.9853,6.1886,-0.6705
59.210,map,14.0422,6.2471,-0.6626,14.0205,6.1606,-0.6704
59.310,map,14.0777,6.2195,-0.6626,14.0558,6.1326,-0.6704
59.410,map,14.1132,6.1917,-0.6623,14.0911,6.1047,-0.6704
59.510,map,14.1515,6.1619,-0.6621,14.1289,6.0746,-0.6704
59.610,map,14.1815,6.1385,-0.6623,14.1590,6.0508,-0.6704
59.710,map,14.2144,6.1128,-0.6624,14.1917,6.0249,-0.6705
59.810,map,14.2465,6.0969,-0.6627,14.2236,5.9995,-0.6705
59.910,map,14.2776,6.0735,-0.6625,14.2547,5.9749,-0.6708
60.010,map,14.3114,6.0471,-0.6639,14.2880,5.9484,-0.6722
60.110,map,14.3382,6.0261,-0.6648,14.3146,5.9273,-0.6733
60.210,map,14.3672,6.0034,-0.6662,14.3433,5.9043,-0.6744
60.310,map,14.3955,5.9811,-0.6679,14.3713,5.8819,-0.6754
60.410,map,14.4232,5.9592,-0.6687,14.3987,5.8599,-0.6762
60.510,map,14.4527,5.9359,-0.6695,14.4255,5.8384,-0.6769
60.610,map,14.4760,5.9174,-0.6701,14.4513,5.8177,-0.6774
60.710,map,14.5013,5.8974,-0.6707,14.4764,5.7974,-0.6778
60.810,map,14.5257,5.8780,-0.6711,14.5010,5.7777,-0.6782
60.910,map,14.5498,5.8589,-0.6715,14.5248,5.7585,-0.6785
61.010,map,14.5734,5.8401,-0.6717,14.5481,5.7397,-0.6788
61.110,map,14.5963,5.8219,-0.6720,14.5709,5.7213,-0.6790
61.210,map,14.6186,5.8042,-0.6720,14.5930,5.7034,-0.6792
61.310,map,14.6401,5.7870,-0.6722,14.6146,5.6860,-0.6794
61.410,map,14.6612,5.7703,-0.6724,14.6355,5.6691,-0.6795
61.510,map,14.6838,5.7523,-0.6725,14.6580,5.6509,-0.6797
61.610,map,14.7018,5.7379,-0.6728,14.6759,5.6365,-0.6798
61.710,map,14.7214,5.7223,-0.6730,14.6953,5.6208,-0.6799
61.810,map,14.7405,5.7070,-0.6732,14.7144,5.6054,-0.6800
61.910,map,14.7591,5.6922,-0.6732,14.7328,5.5905,-0.6801
62.010,map,14.7771,5.6779,-0.6733,14.7507,5.5760,-0.6802
62.110,map,14.7944,5.6641,-0.6734,14.7664,5.5633,-0.6802
62.210,map,14.8049,5.6557,-0.6734,14.7783,5.5537,-0.6802
62.310,map,14.8129,5.6494,-0.6735,14.7863,5.5472,-0.6802
62.410,map,14.8172,5.6459,-0.6735,14.7905,5.5438,-0.6802
62.510,map,14.8178,5.6454,-0.6735,14.7912,5.5433,-0.6802
62.610,map,14.8178,5.6454,-0.6735,14.7912,5.5433,-0.6802
62.710,map,14.8208,5.6430,-0.6726,14.7912,5.5433,-0.6802
62.810,map,14.8287,5.6366,-0.6659,14.7912,5.5433,-0.6761
62.910,map,14.8287,5.6366,-0.6474,14.7912,5.5433,-0.6576
63.010,map,14.8287,5.6366,-0.6129,14.7912,5.5433,-0.6237
63.110,map,14.8287,5.6366,-0.5638,14.7912,5.5433,-0.5748
63.210,map,14.8287,5.6366,-0.5000,14.7912,5.5433,-0.5117
63.310,map,14.8287,5.6366,-0.4226,14.7912,5.5433,-0.4342
63.410,map,14.8287,5.6366,-0.3251,14.7912,5.5433,-0.3356
63.510,map,14.8287,5.6366,-0.2430,14.7912,5.5433,-0.2546
63.610,map,14.8287,5.6366,-0.1438,14.7912,5.5433,-0.1556
63.710,map,14.8287,5.6366,-0.0627,14.7912,5.5433,-0.0746
63.810,map,14.8287,5.6366,0.0271,14.7912,5.5433,0.0154
63.910,map,14.8287,5.6366,0.1158,14.7912,5.5433,0.1054
64.010,map,14.8287,5.6366,0.2050,14.7912,5.5433,0.1954
64.110,map,14.8289,5.6366,0.2945,14.7913,5.5433,0.2854
64.210,map,14.8325,5.6379,0.3843,14.7950,5.5446,0.3754
64.310,map,14.8404,5.6416,0.4693,14.8029,5.5481,0.4610
64.410,map,14.8536,5.6490,0.5519,14.8160,5.5554,0.5434
64.510,map,14.8679,5.6584,0.6080,14.8303,5.5647,0.5994
64.610,map,14.8868,5.6724,0.6605,14.8495,5.5786,0.6515
64.710,map,14.9090,5.6905,0.7040,14.8719,5.5965,0.6945
64.810,map,14.9342,5.7127,0.7411,14.8973,5.6184,0.7307
64.910,map,14.9620,5.7390,0.7722,14.9253,5.6444,0.7614
65.010,map,14.9923,5.7693,0.7978,14.9560,5.6744,0.7869
65.110,map,15.0228,5.8012,0.8191,14.9871,5.7063,0.8083
65.210,map,15.0528,5.8340,0.8373,15.0177,5.7389,0.8265
65.310,map,15.0825,5.8674,0.8519,15.0478,5.7721,0.8416
65.410,map,15.1117,5.9012,0.8655,15.0774,5.8057,0.8547
65.510,map,15.1407,5.9357,0.8760,15.1067,5.8397,0.8648
65.610,map,15.1694,5.9704,0.8844,15.1357,5.8740,0.8733
65.710,map,15.1972,6.0047,0.8917,15.1644,5.9086,0.8813
65.810,map,15.2253,6.0398,0.8995,15.1929,5.9434,0.8888
65.910,map,15.2531,6.0750,0.9048,15.2211,5.9784,0.8942
66.010,map,15.2808,6.1104,0.9096,15.2492,6.0135,0.8986
66.110,map,15.3083,6.1459,0.9134,15.2772,6.0488,0.9024
66.210,map,15.3357,6.1815,0.9162,15.3050,6.0841,0.9054
66.310,map,15.3631,6.2173,0.9184,15.3327,6.1195,0.9080
66.410,map,15.3902,6.2528,0.9205,15.3604,6.1550,0.9103
66.510,map,15.4172,6.2883,0.9226,15.3879,6.1906,0.9123
66.610,map,15.4445,6.3245,0.9245,15.4154,6.2262,0.9140
66.710,map,15.4714,6.3603,0.9258,15.4429,6.2619,0.9153
66.810,map,15.4984,6.3961,0.9267,15.4703,6.2976,0.9165
66.910,map,15.5252,6.4319,0.9274,15.4977,6.3333,0.9175
67.010,map,15.5522,6.4678,0.9284,15.5250,6.3690,0.9184
67.110,map,15.5795,6.5044,0.9290,15.5523,6.4048,0.9192
67.210,map,15.6066,6.5406,0.9295,15.5796,6.4406,0.9199
67.310,map,15.6334,6.5766,0.9305,15.6068,6.4764,0.9205
67.410,map,15.6605,6.6130,0.9306,15.6341,6.5122,0.9211
67.510,map,15.6873,6.6491,0.9310,15.6613,6.5481,0.9215
67.610,map,15.7142,6.6852,0.9312,15.6885,6.5839,0.9219
67.710,map,15.7412,6.7214,0.9314,15.7157,6.6198,0.9222
67.810,map,15.7679,6.7573,0.9314,15.7428,6.6556,0.9226
67.910,map,15.7950,6.7938,0.9315,15.7700,6.6915,0.9229
68.010,map,15.8215,6.8295,0.9320,15.7971,6.7274,0.9232
68.110,map,15.8485,6.8658,0.9321,15.8243,6.7633,0.9235
68.210,map,15.8752,6.9019,0.9324,15.8514,6.7992,0.9238
68.310,map,15.9019,6.9378,0.9324,15.8785,6.8351,0.9240
68.410,map,15.9286,6.9738,0.9325,15.9057,6.8710,0.9242
68.510,map,15.9551,7.0096,0.9327,15.9328,6.9069,0.9244
68.610,map,15.9822,7.0460,0.9326,15.9599,6.9429,0.9246
68.710,map,16.0091,7.0823,0.9328,15.9870,6.9788,0.9248
68.810,map,16.0361,7.1187,0.9330,16.0140,7.0147,0.9250
68.910,map,16.0627,7.1547,0.9334,16.0411,7.0507,0.9251
69.010,map,16.0895,7.1909,0.9335,16.0682,7.0866,0.9253
69.110,map,16.1162,7.2270,0.9332,16.0953,7.1226,0.9253
69.210,map,16.1457,7.2667,0.9333,16.1223,7.1585,0.9254
69.310,map,16.1696,7.2990,0.9332,16.1494,7.1945,0.9255
69.410,map,16.1962,7.3349,0.9333,16.1765,7.2304,0.9256
69.510,map,16.2228,7.3709,0.9335,16.2035,7.2664,0.9258
69.610,map,16.2495,7.4069,0.9336,16.2306,7.3023,0.9259
69.710,map,16.2763,7.4431,0.9337,16.2576,7.3383,0.9260
69.810,map,16.3032,7.4795,0.9336,16.2847,7.3743,0.9260
69.910,map,16.3328,7.5194,0.9340,16.3117,7.4102,0.9261
70.010,map,16.3569,7.5521,0.9341,16.3361,7.4426,0.9261
70.110,map,16.3864,7.5920,0.9340,16.3685,7.4858,0.9262
70.210,map,16.4106,7.6247,0.9341,16.3955,7.5217,0.9262
70.310,map,16.4374,7.6610,0.9342,16.4199,7.5541,0.9262
70.410,map,16.4641,7.6970,0.9341,16.4469,7.5901,0.9262
70.510,map,16.4934,7.7367,0.9343,16.4767,7.6296,0.9262
70.610,map,16.5197,7.7723,0.9343,16.5010,7.6620,0.9261
70.710,map,16.5442,7.8054,0.9343,16.5280,7.6980,0.9261
70.810,map,16.5712,7.8419,0.9344,16.5551,7.7339,0.9261
70.910,map,16.5971,7.8769,0.9285,16.5817,7.7692,0.9203
71.010,map,16.6241,7.9126,0.9196,16.6090,7.8047,0.9112
71.110,map,16.6514,7.9481,0.9110,16.6367,7.8401,0.9027
71.210,map,16.6790,7.9833,0.9036,16.6646,7.8753,0.8952
71.310,map,16.7096,8.0219,0.8962,16.6929,7.9102,0.8887
71.410,map,16.7347,8.0532,0.8915,16.7213,7.9451,0.8831
71.510,map,16.7628,8.0878,0.8869,16.7500,7.9798,0.8784
71.610,map,16.7914,8.1228,0.8835,16.7787,8.0143,0.8741
71.710,map,16.8201,8.1575,0.8796,16.8077,8.0488,0.8705
71.810,map,16.8488,8.1922,0.8767,16.8367,8.0831,0.8677
71.910,map,16.8777,8.2268,0.8749,16.8659,8.1174,0.8656
72.010,map,16.9096,8.2649,0.8729,16.8951,8.1517,0.8638
72.110,map,16.9358,8.2961,0.8714,16.9243,8.1858,0.8622
72.200,map,16.9604,8.3251,0.8616,16.9496,8.2151,0.8524
72.300,map,16.9884,8.3572,0.8431,16.9778,8.2468,0.8336
72.400,map,17.0179,8.3897,0.8254,17.0076,8.2790,0.8161
72.500,map,17.0487,8.4225,0.8101,17.0385,8.3113,0.8007
72.600,map,17.0824,8.4573,0.7913,17.0693,8.3427,0.7840
72.700,map,17.1082,8.4828,0.7667,17.0984,8.3710,0.7568
72.800,map,17.1414,8.5142,0.7214,17.1242,8.3944,0.7109
72.900,map,17.1657,8.5347,0.6599,17.1468,8.4128,0.6493
73.000,map,17.1852,8.5488,0.5954,17.1665,8.4267,0.5856
73.100,map,17.2011,8.5590,0.5349,17.1827,8.4368,0.5252
73.200,map,17.2131,8.5657,0.4780,17.1949,8.4434,0.4679
73.300,map,17.2235,8.5706,0.4178,17.2053,8.4483,0.4084
73.400,map,17.2323,8.5743,0.3730,17.2143,8.4520,0.3629
73.500,map,17.2436,8.5784,0.3286,17.2257,8.4560,0.3187
73.600,map,17.2579,8.5830,0.2912,17.2402,8.4605,0.2817
73.700,map,17.2752,8.5879,0.2603,17.2577,8.4652,0.2510
73.800,map,17.2951,8.5929,0.2353,17.2773,8.4700,0.2258
73.900,map,17.3173,8.5979,0.2116,17.2996,8.4748,0.2021
74.000,map,17.3373,8.6020,0.1948,17.3196,8.4787,0.1856
74.100,map,17.3599,8.6063,0.1806,17.3425,8.4829,0.1713
74.200,map,17.3833,8.6105,0.1687,17.3661,8.4868,0.1596
74.300,map,17.4063,8.6143,0.1584,17.3893,8.4904,0.1494
74.400,map,17.4297,8.6179,0.1498,17.4128,8.4938,0.1408
74.500,map,17.4562,8.6218,0.1422,17.4397,8.4975,0.1331
74.600,map,17.4780,8.6248,0.1369,17.4616,8.5004,0.1278
74.700,map,17.5017,8.6280,0.1319,17.4853,8.5034,0.1226
74.800,map,17.5253,8.6311,0.1276,17.5089,8.5062,0.1184
74.900,map,17.5520,8.6345,0.1236,17.5333,8.5091,0.1147
75.000,map,17.5738,8.6372,0.1209,17.5577,8.5119,0.1116
75.100,map,17.5980,8.6401,0.1183,17.5819,8.5146,0.1091
75.200,map,17.6204,8.6427,0.1161,17.6045,8.5170,0.1069
75.300,map,17.6440,8.6454,0.1143,17.6284,8.5195,0.1051
75.400,map,17.6683,8.6482,0.1128,17.6526,8.5221,0.1036
75.500,map,17.6922,8.6509,0.1116,17.6763,8.5245,0.1023
75.600,map,17.7158,8.6535,0.1106,17.6999,8.5269,0.1013
75.700,map,17.7400,8.6562,0.1097,17.7241,8.5294,0.1004
75.800,map,17.7641,8.6588,0.1089,17.7484,8.5318,0.0996
75.900,map,17.7880,8.6615,0.1084,17.7725,8.5342,0.0990
76.000,map,17.8143,8.6643,0.1077,17.7965,8.5366,0.0984
76.100,map,17.8385,8.6669,0.1072,17.8207,8.5390,0.0979
76.200,map,17.8588,8.6691,0.1067,17.8435,8.5412,0.0975
76.300,map,17.8846,8.6719,0.1065,17.8692,8.5437,0.0972
76.400,map,17.9060,8.6742,0.1064,17.8906,8.5458,0.0970
76.500,map,17.9305,8.6768,0.1063,17.9149,8.5482,0.0967
76.600,map,17.9538,8.6792,0.1061,17.9385,8.5505,0.0965
76.700,map,17.9769,8.6817,0.1059,17.9619,8.5527,0.0963
76.800,map,18.0015,8.6843,0.1057,17.9864,8.5551,0.0962
76.900,map,18.0253,8.6868,0.1058,18.0102,8.5574,0.0960
77.000,map,18.0484,8.6893,0.1057,18.0334,8.5596,0.0959
77.100,map,18.0744,8.6921,0.1055,18.0571,8.5619,0.0958
77.200,map,18.0951,8.6942,0.1053,18.0804,8.5641,0.0957
77.300,map,18.1183,8.6967,0.1054,18.1035,8.5664,0.0956
77.400,map,18.1423,8.6992,0.1054,18.1274,8.5686,0.0955
77.500,map,18.1668,8.7018,0.1051,18.1519,8.5710,0.0954
77.600,map,18.1901,8.7043,0.1049,18.1753,8.5732,0.0954
77.700,map,18.2139,8.7068,0.1049,18.1994,8.5755,0.0953
77.800,map,18.2381,8.7093,0.1046,18.2234,8.5778,0.0953
77.900,map,18.2651,8.7122,0.1046,18.2501,8.5804,0.0953
78.000,map,18.2843,8.7142,0.1046,18.2693,8.5822,0.0954
78.100,map,18.3073,8.7166,0.1046,18.2923,8.5844,0.0954
78.200,map,18.3298,8.7190,0.1047,18.3149,8.5866,0.0955
78.300,map,18.3540,8.7215,0.1050,18.3370,8.5887,0.0955
78.400,map,18.3743,8.7236,0.1049,18.3595,8.5909,0.0955
78.500,map,18.3971,8.7260,0.1048,18.3823,8.5930,0.0955
78.600,map,18.4221,8.7287,0.1048,18.4075,8.5955,0.0955
78.700,map,18.4524,8.7319,0.1049,18.4378,8.5983,0.0955
78.800,map,18.4763,8.7344,0.1047,18.4616,8.6006,0.0955
78.900,map,18.5030,8.7372,0.1048,18.4885,8.6032,0.0955
79.000,map,18.5333,8.7404,0.1046,18.5161,8.6059,0.0955
79.100,map,18.5616,8.7433,0.1047,18.5473,8.6088,0.0955
79.200,map,18.5871,8.7460,0.1045,18.5727,8.6113,0.0956
79.300,map,18.6153,8.7490,0.1045,18.6006,8.6140,0.0956
79.400,map,18.6443,8.7520,0.1046,18.6297,8.6167,0.0956
79.500,map,18.6741,8.7552,0.1046,18.6591,8.6196,0.0957
79.600,map,18.7035,8.7582,0.1049,18.6886,8.6224,0.0957
79.700,map,18.7357,8.7616,0.1050,18.7206,8.6255,0.0957
79.800,map,18.7713,8.7654,0.1053,18.7560,8.6289,0.0957
79.900,map,18.8099,8.7695,0.1056,18.7905,8.6322,0.0957
80.000,map,18.8442,8.7731,0.1057,18.8282,8.6358,0.0956
80.100,map,18.8852,8.7775,0.1054,18.8692,8.6397,0.0955
80.200,map,18.9278,8.7820,0.1048,18.9115,8.6438,0.0954
80.300,map,18.9723,8.7866,0.1047,18.9560,8.6480,0.0953
80.400,map,19.0169,8.7913,0.1046,19.0008,8.6523,0.0953
80.500,map,19.0614,8.7960,0.1049,19.0456,8.6566,0.0953
80.600,map,19.0905,8.7992,0.1021,19.0904,8.6609,0.0953
80.700,map,19.1306,8.8033,0.1012,19.1352,8.6652,0.0954
80.800,map,19.1751,8.8078,0.1016,19.1800,8.6695,0.0958
80.900,map,19.2198,8.8124,0.1023,19.2248,8.6738,0.0964
81.000,map,19.2646,8.8170,0.1031,19.2696,8.6781,0.0968
81.100,map,19.3093,8.8217,0.1038,19.3143,8.6825,0.0972
81.200,map,19.3543,8.8264,0.1038,19.3591,8.6869,0.0974
81.300,map,19.3997,8.8311,0.1039,19.4039,8.6912,0.0976
81.400,map,19.4440,8.8357,0.1040,19.4487,8.6956,0.0978
81.500,map,19.4891,8.8404,0.1043,19.4935,8.7000,0.0980
81.600,map,19.5385,8.8456,0.1047,19.5383,8.7044,0.0981
81.700,map,19.5786,8.8498,0.1049,19.5831,8.7088,0.0983
81.800,map,19.6374,8.8550,0.1053,19.6323,8.7137,0.0983
81.900,map,19.6776,8.8592,0.1051,19.6726,8.7177,0.0984
82.000,map,19.7225,8.8640,0.1050,19.7174,8.7221,0.0986
82.100,map,19.7675,8.8687,0.1049,19.7622,8.7265,0.0987
82.200,map,19.8123,8.8734,0.1047,19.8070,8.7310,0.0989
82.300,map,19.8569,8.8781,0.1050,19.8517,8.7354,0.0991
82.400,map,19.9015,8.8828,0.1048,19.8960,8.7398,0.0993
82.500,map,19.9488,8.8878,0.1052,19.9434,8.7445,0.0995
82.600,map,19.9865,8.8918,0.1052,19.9813,8.7483,0.0997
82.700,map,20.0275,8.8961,0.1052,20.0223,8.7524,0.0999
82.800,map,20.0672,8.9003,0.1055,20.0623,8.7565,0.1001
82.900,map,20.1061,8.9044,0.1061,20.1012,8.7604,0.1003
83.000,map,20.1450,8.9086,0.1066,20.1396,8.7642,0.1004
83.100,map,20.1818,8.9140,0.1094,20.1764,8.7679,0.1004
83.200,map,20.2175,8.9183,0.1095,20.2124,8.7716,0.1002
83.300,map,20.2525,8.9221,0.1082,20.2475,8.7751,0.0994
83.400,map,20.2867,8.9258,0.1073,20.2817,8.7785,0.0987
83.500,map,20.3202,8.9294,0.1065,20.3150,8.7818,0.0980
83.600,map,20.3530,8.9329,0.1061,20.3475,8.7849,0.0975
83.700,map,20.3845,8.9363,0.1056,20.3792,8.7880,0.0971
83.800,map,20.4155,8.9396,0.1051,20.4100,8.7910,0.0967
83.900,map,20.4487,8.9431,0.1046,20.4430,8.7942,0.0963
84.000,map,20.4751,8.9458,0.1042,20.4692,8.7968,0.0960
84.100,map,20.5037,8.9488,0.1038,20.5006,8.7998,0.0958
84.200,map,20.5316,8.9517,0.1038,20.5256,8.8022,0.0956
84.300,map,20.5618,8.9548,0.1037,20.5559,8.8051,0.0954
84.400,map,20.5884,8.9576,0.1037,20.5830,8.8077,0.0953
84.500,map,20.6125,8.9601,0.1036,20.6068,8.8099,0.0951
84.600,map,20.6379,8.9628,0.1033,20.6322,8.8124,0.0950
84.700,map,20.6624,8.9653,0.1029,20.6568,8.8147,0.0948
84.800,map,20.6888,8.9680,0.1029,20.6807,8.8170,0.0947
84.900,map,20.7091,8.9701,0.1030,20.7035,8.8191,0.0947
85.000,map,20.7271,8.9720,0.1028,20.7216,8.8209,0.0947
85.100,map,20.7401,8.9733,0.1029,20.7347,8.8221,0.0947
85.200,map,20.7483,8.9742,0.1029,20.7428,8.8229,0.0947
85.300,map,20.7514,8.9745,0.1028,20.7460,8.8232,0.0947
85.400,map,20.7515,8.9745,0.1028,20.7460,8.8232,0.0947
85.500,map,20.7515,8.9745,0.1028,20.7460,8.8232,0.0947
85.600,map,20.7515,8.9745,0.1034,20.7460,8.8232,0.0953
85.700,map,20.7515,8.9745,0.1151,20.7460,8.8232,0.1070
85.800,map,20.7515,8.9745,0.1413,20.7460,8.8232,0.1338
85.900,map,20.7515,8.9745,0.1838,20.7460,8.8232,0.1756
86.000,map,20.7515,8.9745,0.2404,20.7460,8.8232,0.2320
86.100,map,20.7515,8.9745,0.3102,20.7460,8.8232,0.3026
86.200,map,20.7515,8.9745,0.3959,20.7460,8.8232,0.3888
86.300,map,20.7515,8.9745,0.4852,20.7460,8.8232,0.4788
86.400,map,20.7515,8.9745,0.5749,20.7460,8.8232,0.5688
86.500,map,20.7515,8.9745,0.6642,20.7460,8.8232,0.6588
86.600,map,20.7515,8.9745,0.7539,20.7460,8.8232,0.7488
86.700,map,20.7515,8.9745,0.8447,20.7460,8.8232,0.8388
86.800,map,20.7515,8.9745,0.9350,20.7460,8.8232,0.9288
86.900,map,20.7515,8.9745,1.0254,20.7460,8.8232,1.0188
87.000,map,20.7515,8.9745,1.1240,20.7460,8.8232,1.1178
87.100,map,20.7515,8.9745,1.2049,20.7460,8.8232,1.1988
87.200,map,20.7515,8.9745,1.3043,20.7460,8.8232,1.2978
87.300,map,20.7515,8.9745,1.3857,20.7460,8.8232,1.3788
87.400,map,20.7515,8.9745,1.4759,20.7460,8.8232,1.4688
87.500,map,20.7515,8.9745,1.5654,20.7460,8.8232,1.5588
87.600,map,20.7515,8.9745,1.6552,20.7460,8.8232,1.6488
87.700,map,20.7515,8.9745,1.7441,20.7460,8.8232,1.7388
87.800,map,20.7515,8.9745,1.8330,20.7460,8.8232,1.8288
87.900,map,20.7515,8.9745,1.9239,20.7460,8.8232,1.9188
88.000,map,20.7515,8.9745,2.0137,20.7460,8.8232,2.0088
88.100,map,20.7515,8.9745,2.1047,20.7460,8.8232,2.0988
88.200,map,20.7515,8.9745,2.2032,20.7460,8.8232,2.1888
88.300,map,20.7515,8.9745,2.2832,20.7460,8.8232,2.2788
88.400,map,20.7515,8.9745,2.3742,20.7460,8.8232,2.3688
88.500,map,20.7514,8.9746,2.4641,20.7459,8.8233,2.4588
88.600,map,20.7483,8.9768,2.5535,20.7428,8.8255,2.5488
88.700,map,20.7409,8.9812,2.6439,20.7354,8.8300,2.6386
88.800,map,20.7286,8.9872,2.7240,20.7231,8.8361,2.7172
88.900,map,20.7113,8.9942,2.7870,20.7059,8.8432,2.7808
89.000,map,20.6890,9.0018,2.8366,20.6837,8.8509,2.8302
89.100,map,20.6616,9.0098,2.8730,20.6563,8.8591,2.8665
89.200,map,20.6294,9.0182,2.9031,20.6240,8.8677,2.8966
89.300,map,20.5925,9.0266,2.9284,20.5870,8.8764,2.9219
89.400,map,20.5496,9.0354,2.9497,20.5446,8.8854,2.9426
89.500,map,20.5060,9.0435,2.9674,20.5007,8.8939,2.9601
89.600,map,20.4579,9.0515,2.9837,20.4522,8.9023,2.9764
89.700,map,20.4178,9.0577,2.9950,20.4123,8.9087,2.9877
89.800,map,20.3733,9.0640,3.0050,20.3679,8.9154,2.9982
89.900,map,20.3249,9.0704,3.0147,20.3234,8.9216,3.0072
90.000,map,20.2851,9.0754,3.0220,20.2789,8.9274,3.0154
90.100,map,20.2405,9.0806,3.0282,20.2343,8.9329,3.0218
90.200,map,20.1959,9.0855,3.0334,20.1896,8.9382,3.0269
90.300,map,20.1508,9.0903,3.0382,20.1449,8.9432,3.0317
90.400,map,20.1066,9.0948,3.0419,20.1002,8.9481,3.0357
90.500,map,20.0615,9.0992,3.0456,20.0554,8.9528,3.0392
90.600,map,20.0167,9.1035,3.0485,20.0107,8.9573,3.0422
90.700,map,19.9719,9.1076,3.0509,19.9659,8.9617,3.0447
90.800,map,19.9274,9.1116,3.0526,19.9211,8.9660,3.0469
90.900,map,19.8831,9.1155,3.0545,19.8763,8.9702,3.0487
91.000,map,19.8377,9.1195,3.0563,19.8315,8.9743,3.0504
91.100,map,19.7885,9.1236,3.0581,19.7867,8.9784,3.0518
91.200,map,19.7480,9.1270,3.0587,19.7419,8.9824,3.0530
91.300,map,19.7032,9.1307,3.0594,19.6970,8.9864,3.0539
91.400,map,19.6582,9.1344,3.0600,19.6477,8.9907,3.0549
91.500,map,19.6132,9.1381,3.0607,19.6074,8.9942,3.0556
91.600,map,19.5683,9.1417,3.0614,19.5626,8.9980,3.0563
91.700,map,19.5237,9.1453,3.0617,19.5177,9.0019,3.0569
91.800,map,19.4789,9.1488,3.0616,19.4729,9.0057,3.0569
91.900,map,19.4336,9.1525,3.0616,19.4280,9.0095,3.0568
92.000,map,19.3848,9.1564,3.0614,19.3832,9.0133,3.0567
92.100,map,19.3442,9.1597,3.0612,19.3384,9.0171,3.0566
92.200,map,19.2991,9.1633,3.0612,19.2935,9.0209,3.0566
92.300,map,19.2541,9.1669,3.0613,19.2487,9.0247,3.0565
92.400,map,19.2093,9.1705,3.0611,19.2038,9.0286,3.0565
92.500,map,19.1646,9.1726,3.0640,19.1590,9.0324,3.0565
92.600,map,19.1199,9.1756,3.0646,19.1142,9.0362,3.0563
92.700,map,19.0752,9.1791,3.0639,19.0693,9.0401,3.0556
92.800,map,19.0307,9.1826,3.0635,19.0245,9.0440,3.0548
92.900,map,18.9858,9.1861,3.0631,18.9797,9.0479,3.0542
93.000,map,18.9410,9.1896,3.0626,18.9349,9.0518,3.0535
93.100,map,18.8962,9.1932,3.0623,18.8900,9.0558,3.0529
93.200,map,18.8514,9.1967,3.0622,18.8452,9.0598,3.0524
93.300,map,18.8065,9.2003,3.0620,18.8004,9.0638,3.0519
93.400,map,18.7615,9.2039,3.0614,18.7556,9.0678,3.0513
93.500,map,18.7122,9.2079,3.0609,18.7108,9.0719,3.0508
93.600,map,18.6716,9.2112,3.0603,18.6659,9.0760,3.0504
93.700,map,18.6266,9.2084,3.0569,18.6211,9.0801,3.0500
93.800,map,18.5772,9.2110,3.0560,18.5763,9.0842,3.0496
93.900,map,18.5368,9.2145,3.0551,18.5315,9.0884,3.0486
94.000,map,18.4921,9.2185,3.0476,18.4868,9.0927,3.0414
94.100,map,18.4471,9.2230,3.0404,18.4421,9.0974,3.0344
94.200,map,18.4022,9.2276,3.0354,18.3974,9.1023,3.0293
94.300,map,18.3579,9.2325,3.0269,18.3535,9.1074,3.0209
94.400,map,18.3139,9.2378,3.0162,18.3091,9.1130,3.0102
94.500,map,18.2690,9.2437,3.0073,18.2647,9.1191,3.0016
94.600,map,18.2268,9.2497,2.9939,18.2224,9.1253,2.9880
94.700,map,18.1803,9.2570,2.9785,18.1796,9.1323,2.9744
94.800,map,18.1400,9.2640,2.9568,18.1352,9.1402,2.9514
94.900,map,18.1059,9.2707,2.9374,18.1008,9.1472,2.9316
95.000,map,18.0676,9.2856,2.9164,18.0626,9.1558,2.9077
95.100,map,18.0297,9.2963,2.8955,18.0251,9.1652,2.8858
95.200,map,17.9913,9.3064,2.8721,17.9867,9.1757,2.8625
95.300,map,17.9539,9.3172,2.8485,17.9494,9.1869,2.8390
95.400,map,17.9180,9.3285,2.8251,17.9136,9.1985,2.8160
95.500,map,17.8821,9.3407,2.8013,17.8776,9.2112,2.7922
95.600,map,17.8457,9.3541,2.7807,17.8409,9.2250,2.7711
95.700,map,17.8091,9.3685,2.7453,17.8075,9.2385,2.7400
95.800,map,17.7841,9.3796,2.7024,17.7796,9.2511,2.6929
95.900,map,17.7609,9.3913,2.6415,17.7567,9.2629,2.6324
96.000,map,17.7412,9.4029,2.5786,17.7389,9.2735,2.5748
96.100,map,17.7250,9.4136,2.5352,17.7210,9.2855,2.5264
96.200,map,17.7055,9.4278,2.4952,17.7018,9.2998,2.4861
96.300,map,17.6851,9.4437,2.4608,17.6816,9.3159,2.4519
96.400,map,17.6630,9.4622,2.4319,17.6595,9.3347,2.4232
96.500,map,17.6379,9.4844,2.4062,17.6349,9.3568,2.3970
96.600,map,17.6186,9.5022,2.3887,17.6156,9.3749,2.3794
96.700,map,17.5968,9.5229,2.3726,17.5940,9.3958,2.3635
96.800,map,17.5748,9.5446,2.3586,17.5719,9.4180,2.3493
96.900,map,17.5544,9.5651,2.3465,17.5517,9.4386,2.3373
97.000,map,17.5337,9.5863,2.3368,17.5313,9.4601,2.3276
97.100,map,17.5120,9.6091,2.3286,17.5098,9.4830,2.3192
97.200,map,17.4921,9.6304,2.3217,17.4900,9.5045,2.3122
97.300,map,17.4707,9.6533,2.3153,17.4706,9.5258,2.3062
97.400,map,17.4514,9.6744,2.3108,17.4495,9.5493,2.3012
97.500,map,17.4299,9.6982,2.3061,17.4300,9.5711,2.2969
97.600,map,17.4122,9.7177,2.3030,17.4104,9.5933,2.2934
97.700,map,17.4025,9.7397,2.3002,17.3908,9.6155,2.2905
97.800,map,17.3834,9.7611,2.2979,17.3719,9.6371,2.2881
97.900,map,17.3640,9.7830,2.2961,17.3526,9.6593,2.2863
98.000,map,17.3442,9.8054,2.2945,17.3330,9.6819,2.2847
98.100,map,17.3236,9.8287,2.2931,17.3128,9.7052,2.2834
98.200,map,17.3048,9.8501,2.2923,17.2941,9.7270,2.2824
98.300,map,17.2857,9.8718,2.2916,17.2754,9.7487,2.2814
98.400,map,17.2660,9.8943,2.2908,17.2559,9.7714,2.2806
98.500,map,17.2463,9.9167,2.2900,17.2364,9.7940,2.2800
98.600,map,17.2269,9.9389,2.2892,17.2173,9.8163,2.2794
98.700,map,17.2086,9.9599,2.2889,17.1991,9.8375,2.2789
98.800,map,17.1889,9.9824,2.2883,17.1798,9.8600,2.2785
98.900,map,17.1692,10.0049,2.2880,17.1605,9.8826,2.2782
99.000,map,17.1495,10.0276,2.2879,17.1411,9.9054,2.2779
99.100,map,17.1294,10.0506,2.2877,17.1212,9.9287,2.2777
99.200,map,17.1096,10.0733,2.2873,17.1016,9.9516,2.2775
99.300,map,17.0865,10.0999,2.2869,17.0807,9.9761,2.2773
99.400,map,17.0678,10.1213,2.2867,17.0602,10.0002,2.2772
99.500,map,17.0475,10.1447,2.2867,17.0402,10.0236,2.2771
99.600,map,17.0228,10.1705,2.2868,17.0197,10.0476,2.2770
99.700,map,16.9969,10.1971,2.2866,16.9991,10.0717,2.2770
99.800,map,16.9756,10.2209,2.2864,16.9790,10.0953,2.2768
99.900,map,16.9547,10.2449,2.2859,16.9584,10.1194,2.2766
100.000,map,16.9342,10.2686,2.2857,16.9381,10.1433,2.2764
100.100,map,16.9122,10.2939,2.2854,16.9164,10.1688,2.2763
100.200,map,16.8890,10.3207,2.2857,16.8934,10.1957,2.2762
100.300,map,16.8649,10.3484,2.2856,16.8696,10.2237,2.2761
100.400,map,16.8406,10.3764,2.2855,16.8455,10.2521,2.2760
100.500,map,16.8147,10.4062,2.2853,16.8200,10.2820,2.2759
100.600,map,16.7877,10.4374,2.2854,16.7931,10.3136,2.2758
100.700,map,16.7598,10.4695,2.2857,16.7654,10.3462,2.2758
100.800,map,16.7306,10.5032,2.2859,16.7365,10.3802,2.2757
100.900,map,16.7011,10.5371,2.2860,16.7073,10.4144,2.2755
101.000,map,16.6716,10.5710,2.2863,16.6782,10.4487,2.2753
101.100,map,16.6419,10.6052,2.2863,16.6490,10.4830,2.2752
101.200,map,16.6135,10.6403,2.2835,16.6199,10.5173,2.2750
101.300,map,16.5845,10.6744,2.2829,16.5908,10.5516,2.2750
101.400,map,16.5550,10.7087,2.2833,16.5616,10.5859,2.2754
101.500,map,16.5254,10.7429,2.2837,16.5325,10.6202,2.2758
101.600,map,16.4958,10.7771,2.2843,16.5033,10.6544,2.2762
101.700,map,16.4664,10.8111,2.2843,16.4741,10.6887,2.2765
101.800,map,16.4368,10.8452,2.2845,16.4449,10.7229,2.2767
101.900,map,16.4074,10.8791,2.2849,16.4157,10.7572,2.2769
102.000,map,16.3782,10.9129,2.2852,16.3865,10.7914,2.2770
102.100,map,16.3485,10.9471,2.2851,16.3573,10.8257,2.2772
102.200,map,16.3158,10.9847,2.2855,16.3281,10.8599,2.2773
102.300,map,16.2893,11.0154,2.2857,16.2989,10.8941,2.2774
102.400,map,16.2575,11.0501,2.2857,16.2697,10.9283,2.2774
102.500,map,16.2253,11.0848,2.2858,16.2405,10.9626,2.2774
102.600,map,16.1954,11.1188,2.2858,16.2113,10.9968,2.2773
102.700,map,16.1661,11.1526,2.2855,16.1820,11.0310,2.2771
102.800,map,16.1364,11.1868,2.2850,16.1528,11.0653,2.2769
102.900,map,16.1071,11.2207,2.2844,16.1237,11.0995,2.2767
103.000,map,16.0774,11.2550,2.2841,16.0945,11.1338,2.2766
103.100,map,16.0478,11.2892,2.2839,16.0653,11.1680,2.2766
103.200,map,16.0184,11.3232,2.2839,16.0361,11.2023,2.2766
103.300,map,15.9859,11.3608,2.2839,16.0040,11.2399,2.2767
103.400,map,15.9565,11.3948,2.2842,15.9777,11.2708,2.2767
103.500,map,15.9275,11.4283,2.2842,15.9485,11.3050,2.2767
103.600,map,15.9009,11.4591,2.2843,15.9193,11.3392,2.2767
103.700,map,15.8716,11.4932,2.2840,15.8901,11.3735,2.2767
103.800,map,15.8421,11.5274,2.2841,15.8609,11.4077,2.2768
103.900,map,15.8127,11.5614,2.2841,15.8317,11.4420,2.2768
104.000,map,15.7834,11.5953,2.2835,15.8025,11.4762,2.2769
104.100,map,15.7539,11.6294,2.2833,15.7733,11.5105,2.2769
104.200,map,15.7248,11.6630,2.2833,15.7444,11.5444,2.2771
104.300,map,15.6963,11.6961,2.2835,15.7162,11.5774,2.2772
104.400,map,15.6685,11.7283,2.2835,15.6887,11.6097,2.2774
104.500,map,15.6414,11.7595,2.2839,15.6619,11.6410,2.2776
104.600,map,15.6152,11.7898,2.2838,15.6358,11.6716,2.2777
104.700,map,15.5897,11.8193,2.2840,15.6104,11.7014,2.2779
104.800,map,15.5646,11.8484,2.2840,15.5856,11.7303,2.2780
104.900,map,15.5403,11.8765,2.2843,15.5614,11.7586,2.2781
105.000,map,15.5164,11.9040,2.2843,15.5380,11.7861,2.2782
105.100,map,15.4908,11.9336,2.2844,15.5150,11.8129,2.2783
105.200,map,15.4706,11.9570,2.2844,15.4926,11.8391,2.2784
105.300,map,15.4489,11.9821,2.2843,15.4709,11.8644,2.2784
105.400,map,15.4254,12.0091,2.2847,15.4476,11.8917,2.2785
105.500,map,15.4065,12.0309,2.2846,15.4289,11.9136,2.2786
105.600,map,15.3866,12.0540,2.2843,15.4090,11.9369,2.2786
105.700,map,15.3666,12.0770,2.2844,15.3892,11.9599,2.2787
105.800,map,15.3473,12.0994,2.2844,15.3700,11.9824,2.2787
105.900,map,15.3287,12.1208,2.2842,15.3515,12.0040,2.2788
106.000,map,15.3104,12.1420,2.2845,15.3334,12.0252,2.2789
106.100,map,15.2926,12.1625,2.2849,15.3156,12.0459,2.2790
106.200,map,15.2733,12.1848,2.2849,15.2964,12.0684,2.2791
106.300,map,15.2579,12.2026,2.2850,15.2795,12.0881,2.2792
106.400,map,15.2413,12.2217,2.2851,15.2646,12.1054,2.2792
106.500,map,15.2253,12.2402,2.2851,15.2485,12.1242,2.2792
106.600,map,15.2095,12.2584,2.2849,15.2326,12.1428,2.2792
106.700,map,15.1926,12.2779,2.2850,15.2158,12.1624,2.2792
106.800,map,15.1801,12.2923,2.2850,15.2034,12.1769,2.2792
106.900,map,15.1699,12.3041,2.2849,15.1933,12.1886,2.2792
107.000,map,15.1632,12.3118,2.2849,15.1867,12.1964,2.2792
107.100,map,15.1598,12.3157,2.2849,15.1833,12.2003,2.2792
107.200,map,15.1594,12.3162,2.2849,15.1829,12.2009,2.2792
107.300,map,15.1594,12.3162,2.2849,15.1829,12.2009,2.2792
107.400,map,15.1594,12.3162,2.2849,15.1829,12.2009,2.2792
107.500,map,15.1594,12.3162,2.2849,15.1829,12.2009,2.2792
107.600,map,15.1594,12.3162,2.2849,15.1829,12.2009,2.2792
107.700,map,15.1594,12.3162,2.2849,15.1829,12.2009,2.2792
107.800,map,15.1594,12.3162,2.2849,15.1829,12.2009,2.2792
107.900,map,15.1594,12.3162,2.2849,15.1829,12.2009,2.2792
108.000,map,15.1594,12.3162,2.2849,15.1829,12.2009,2.2792
108.100,map,15.1594,12.3162,2.2851,15.1829,12.2009,2.2794
108.200,map,15.1594,12.3162,2.2965,15.1829,12.2009,2.2908
108.300,map,15.1594,12.3162,2.3234,15.1829,12.2009,2.3176
108.400,map,15.1594,12.3162,2.3651,15.1829,12.2009,2.3594
108.500,map,15.1594,12.3162,2.4206,15.1829,12.2009,2.4158
108.600,map,15.1594,12.3162,2.4925,15.1829,12.2009,2.4872
108.700,map,15.1594,12.3162,2.5778,15.1829,12.2009,2.5726
108.800,map,15.1594,12.3162,2.6664,15.1829,12.2009,2.6626
108.900,map,15.1594,12.3162,2.7560,15.1829,12.2009,2.7526
109.000,map,15.1594,12.3162,2.8445,15.1829,12.2009,2.8426
109.100,map,15.1594,12.3162,2.9347,15.1829,12.2009,2.9326
109.200,map,15.1594,12.3162,3.0244,15.1829,12.2009,3.0226
109.300,map,15.1594,12.3162,3.1130,15.1829,12.2009,3.1126
109.400,map,15.1590,12.3162,-3.0695,15.1825,12.2009,-3.0715
109.500,map,15.1548,12.3157,-2.9794,15.1783,12.2003,-2.9815
109.600,map,15.1469,12.3141,-2.9027,15.1704,12.1987,-2.9041
109.700,map,15.1340,12.3103,-2.8277,15.1575,12.1950,-2.8295
109.800,map,15.1162,12.3039,-2.7664,15.1399,12.1887,-2.7681
109.900,map,15.0942,12.2946,-2.7161,15.1181,12.1795,-2.7175
110.000,map,15.0686,12.2823,-2.6736,15.0925,12.1672,-2.6751
110.100,map,15.0389,12.2666,-2.6383,15.0629,12.1516,-2.6398
110.200,map,15.0053,12.2474,-2.6096,15.0297,12.1327,-2.6105
110.300,map,14.9686,12.2252,-2.5852,14.9929,12.1105,-2.5858
110.400,map,14.9271,12.1987,-2.5626,14.9553,12.0866,-2.5655
110.500,map,14.8942,12.1767,-2.5446,14.9181,12.0619,-2.5457
110.600,map,14.8594,12.1480,-2.5180,14.8814,12.0365,-2.5260
110.700,map,14.8237,12.1217,-2.4981,14.8452,12.0104,-2.5062
110.800,map,14.7879,12.0943,-2.4784,14.8096,11.9835,-2.4865
110.900,map,14.7533,12.0667,-2.4586,14.7745,11.9560,-2.4667
111.000,map,14.7188,12.0381,-2.4388,14.7399,11.9278,-2.4470
111.100,map,14.6852,12.0090,-2.4189,14.7060,11.8989,-2.4272
111.200,map,14.6526,11.9797,-2.3994,14.6725,11.8693,-2.4081
111.300,map,14.6198,11.9493,-2.3885,14.6394,11.8391,-2.3968
111.400,map,14.5871,11.9186,-2.3914,14.6064,11.8086,-2.3996
111.500,map,14.5543,11.8884,-2.4031,14.5731,11.7785,-2.4107
111.600,map,14.5212,11.8586,-2.4134,14.5395,11.7487,-2.4209
111.700,map,14.4873,11.8286,-2.4217,14.5057,11.7192,-2.4294
111.800,map,14.4502,11.7964,-2.4300,14.4681,11.6870,-2.4374
111.900,map,14.4194,11.7700,-2.4357,14.4372,11.6609,-2.4430
112.000,map,14.3851,11.7408,-2.4410,14.4027,11.6321,-2.4478
112.100,map,14.3508,11.7120,-2.4455,14.3680,11.6034,-2.4521
112.200,map,14.3162,11.6832,-2.4492,14.3333,11.5749,-2.4556
112.300,map,14.2817,11.6548,-2.4523,14.2984,11.5464,-2.4584
112.400,map,14.2471,11.6263,-2.4549,14.2635,11.5180,-2.4608
112.500,map,14.2126,11.5981,-2.4569,14.2285,11.4898,-2.4627
112.600,map,14.1777,11.5696,-2.4586,14.1934,11.4615,-2.4643
112.700,map,14.1393,11.5384,-2.4602,14.1584,11.4334,-2.4656
112.800,map,14.1078,11.5129,-2.4611,14.1232,11.4052,-2.4666
112.900,map,14.0726,11.4845,-2.4619,14.0881,11.3771,-2.4675
113.000,map,14.0342,11.4535,-2.4626,14.0529,11.3490,-2.4682
113.100,map,14.0027,11.4281,-2.4631,14.0177,11.3210,-2.4689
113.200,map,13.9606,11.3986,-2.4609,13.9825,11.2929,-2.4694
113.300,map,13.9240,11.3701,-2.4606,13.9473,11.2649,-2.4699
113.400,map,13.8888,11.3416,-2.4612,13.9121,11.2369,-2.4706
113.500,map,13.8544,11.3137,-2.4625,13.8768,11.2090,-2.4714
113.600,map,13.8156,11.2824,-2.4631,13.8380,11.1783,-2.4722
113.700,map,13.7839,11.2569,-2.4638,13.8063,11.1531,-2.4729
